,mean_fit_time,mean_score_time,mean_test_score,mean_train_score,param_max_depth,params,rank_test_score,split0_test_score,split0_train_score,split1_test_score,split1_train_score,split2_test_score,split2_train_score,std_fit_time,std_score_time,std_test_score,std_train_score
0,176.595767577,1.18588034312,-0.585156488809,-0.534467844159,4,{'max_depth': 4},3,-0.585964182914,-0.533745960364,-0.580273068171,-0.537772647453,-0.589232463106,-0.531884924659,0.386936706924,0.0903839666324,0.00370196148595,0.00245725552623
1,238.169515371,1.12838427226,-0.578680964955,-0.438978038642,6,{'max_depth': 6},1,-0.579538727586,-0.439119211319,-0.573076794594,-0.442035481887,-0.583427661221,-0.435779422721,0.956563742702,0.0784407863757,0.00426901026061,0.00255597553022
2,221.172853072,0.596387306849,-0.58505511638,-0.308339682658,8,{'max_depth': 8},2,-0.586847402278,-0.308442830505,-0.578705437253,-0.310603307221,-0.589612786654,-0.305972910248,70.0967280662,0.22307432063,0.00462972685718,0.0018917582017
